Time,"T° Read 2:485,528",A1,A2,A3,A4,A5,A6,A7,A8,A9,A10,A11,A12,A13,A14,A15,A16,A17,A18,A19,A20,A21,A22,A23,A24,B1,B2,B3,B4,B5,B6,B7,B8,B9,B10,B11,B12,B13,B14,B15,B16,B17,B18,B19,B20,B21,B22,B23,B24,C1,C2,C3,C4,C5,C6,C7,C8,C9,C10,C11,C12,C13,C14,C15,C16,C17,C18,C19,C20,C21,C22,C23,C24,D1,D2,D3,D4,D5,D6,D7,D8,D9,D10,D11,D12,D13,D14,D15,D16,D17,D18,D19,D20,D21,D22,D23,D24,E1,E2,E3,E4,E5,E6,E7,E8,E9,E10,E11,E12,E13,E14,E15,E16,E17,E18,E19,E20,E21,E22,E23,E24,F1,F2,F3,F4,F5,F6,F7,F8,F9,F10,F11,F12,F13,F14,F15,F16,F17,F18,F19,F20,F21,F22,F23,F24,G1,G2,G3,G4,G5,G6,G7,G8,G9,G10,G11,G12,G13,G14,G15,G16,G17,G18,G19,G20,G21,G22,G23,G24,H1,H2,H3,H4,H5,H6,H7,H8,H9,H10,H11,H12,H13,H14,H15,H16,H17,H18,H19,H20,H21,H22,H23,H24,I1,I2,I3,I4,I5,I6,I7,I8,I9,I10,I11,I12,I13,I14,I15,I16,I17,I18,I19,I20,I21,I22,I23,I24,J1,J2,J3,J4,J5,J6,J7,J8,J9,J10,J11,J12,J13,J14,J15,J16,J17,J18,J19,J20,J21,J22,J23,J24,K1,K2,K3,K4,K5,K6,K7,K8,K9,K10,K11,K12,K13,K14,K15,K16,K17,K18,K19,K20,K21,K22,K23,K24,L1,L2,L3,L4,L5,L6,L7,L8,L9,L10,L11,L12,L13,L14,L15,L16,L17,L18,L19,L20,L21,L22,L23,L24,M1,M2,M3,M4,M5,M6,M7,M8,M9,M10,M11,M12,M13,M14,M15,M16,M17,M18,M19,M20,M21,M22,M23,M24,N1,N2,N3,N4,N5,N6,N7,N8,N9,N10,N11,N12,N13,N14,N15,N16,N17,N18,N19,N20,N21,N22,N23,N24,O1,O2,O3,O4,O5,O6,O7,O8,O9,O10,O11,O12,O13,O14,O15,O16,O17,O18,O19,O20,O21,O22,O23,O24,P1,P2,P3,P4,P5,P6,P7,P8,P9,P10,P11,P12,P13,P14,P15,P16,P17,P18,P19,P20,P21,P22,P23,P24
00:03:14,37,3163,2923,3442,3277,2966,2942,3147,2967,3283,2907,2965,2987,2885,2966,3593,4003,2918,3506,3009,3059,3022,3838,3203,4020,2914,3528,2983,2942,2967,3660,3799,2977,3004,3178,2818,2915,2947,2991,2910,2949,3137,3286,2969,3433,2931,3299,3262,3039,4159,3054,3597,3479,2938,3815,3416,2882,2947,2850,3452,5192,3075,2874,3030,4718,2699,2946,3150,3024,3636,3063,4033,2979,3071,2995,3059,3042,3095,2950,2922,3034,2915,3959,2963,3224,2989,2976,3840,2881,2842,2847,2964,3784,2889,2958,3059,3112,2957,3067,2968,3189,2898,4018,2913,2898,3045,2748,3163,4004,3006,3033,5407,3092,3099,2955,3106,3083,3419,3544,3905,3116,3694,2949,2923,3567,3971,2934,2948,2966,3092,2807,2988,3188,3260,2776,3289,2786,3456,4303,3412,3120,3224,3059,3268,3295,2902,3229,3072,2873,2916,2852,3099,2886,4286,2750,2816,2881,2884,2882,13538,2787,2830,3203,2864,3040,3061,2999,3024,3148,3534,2930,2906,2921,2940,2848,3163,2863,2893,3488,2894,3291,2854,2930,2964,2996,2970,2909,3073,4585,3789,3183,3268,3487,3055,2971,3046,3422,3143,2871,2942,3024,3175,3011,5781,2851,3790,3415,2966,2931,3212,3760,2972,3072,3054,2900,3010,3516,2965,5702,3086,3335,3280,2892,2949,3004,4172,3809,2906,3084,3049,3138,3075,3024,3184,3102,3041,3066,3406,2872,3031,2738,3787,3074,3109,3232,3290,2855,3166,2802,3116,4327,3281,2905,3125,3153,3166,3021,4120,2702,3044,3009,2991,3018,3098,3015,2889,2898,4427,5006,3739,2917,3838,2807,2963,3319,2860,2924,3177,4001,2880,2758,2877,2748,2879,2958,3043,2966,5890,3975,3251,3064,3024,2883,2834,3138,3441,3084,2738,2797,3062,3321,2885,2996,3042,3328,3295,3015,2809,3619,3086,2879,8149,2872,2943,4488,3273,3183,3237,3021,3586,2986,4196,3206,3976,2516,3877,2791,2878,2592,2911,4112,3072,3981,3135,2877,2927,3037,4188,2940,3050,3505,3795,3291,2862,2855,2700,6209,3200,2888,3693,3109,3091,2743,2987,3091,3068,3000,7386,3441,3061,2919,2996,3047,3031,3332,5273,2845,3075,2981,3240,4231,3448,3260,2946,3443,2892,3059,4014,2734,2963,2600,2827,2671,4417,2590
00:13:14,37,3101,2923,3319,3231,2910,2941,3106,2830,3277,2929,2895,2867,2838,2969,3584,4053,2888,3488,2946,2987,3049,3872,3166,4054,2914,3558,2967,2858,2902,3705,3858,2881,2981,3096,2772,2914,2863,2913,2838,2828,3132,3256,2829,3265,2845,3175,3227,2963,4284,2961,3763,3548,2899,3913,3465,2787,2805,2796,3322,5378,2991,2909,2899,4662,2757,2927,3094,3053,3681,2979,4051,2929,2967,3026,3048,3033,3071,2898,2899,2968,2858,3996,2791,3221,2905,2871,3848,2831,2807,2754,2823,3773,2836,3007,3043,2918,2951,3069,2887,3149,2946,4026,2944,2898,2968,2686,3183,3967,2956,3132,5872,3087,3114,2913,2982,3016,3377,3565,4023,3070,3741,2865,2795,3654,3903,2961,2904,2912,3043,2723,2975,3210,3257,2728,3278,2748,3498,4174,3431,3140,3184,2887,3321,3277,2834,3212,3082,2869,2841,2752,3018,2867,4396,2689,2783,2841,2764,2805,14990,2846,2731,3176,2766,2940,2988,3010,2991,3215,3526,2967,2857,2862,2972,2838,3228,2793,2778,3559,2883,3403,2794,2877,2920,2945,2930,2791,3107,4847,3759,3182,3241,3525,2951,2958,2962,3641,3163,2792,2871,2877,3096,3040,6528,2796,3723,3268,2902,2943,3133,3986,2937,2914,3044,2851,3080,3639,2941,6252,3148,3208,3289,2743,2817,2970,4751,3839,2898,3005,2949,3044,3071,3074,3072,2992,2907,3191,3350,2866,2956,2667,4040,3101,3028,3166,3329,2821,3181,2806,3045,4397,3245,2803,3098,3195,3291,2944,4177,2760,2946,2933,2965,2961,3192,3038,2855,2858,4798,5814,3689,2901,3865,2767,2911,3151,2807,2906,3046,3718,2880,2730,2854,2842,3018,3004,2917,2945,5914,4561,3258,3030,2971,2799,2842,3141,3427,2973,2642,2802,2995,3349,2792,2873,2980,3559,3167,2931,2764,3530,3063,2827,8630,2838,3014,4546,3233,3164,3067,2987,3482,2961,4373,3243,4274,2599,4193,2833,3064,2648,2949,4169,3091,4302,3135,2928,2889,2954,4839,2937,2992,3568,3771,3335,2800,2833,2640,7038,3119,2915,3951,3190,3175,3495,3023,3199,3235,2912,7789,3482,2943,2858,3036,2985,2847,3417,5634,2849,3123,3032,3226,4199,3397,3406,2822,3763,2862,3075,4264,2592,3039,2456,2774,2527,4759,2531
00:23:14,37,3169,2864,3356,3215,2890,2934,3084,2868,3352,2892,2828,2997,2848,2991,3742,4176,2878,3682,2907,2964,3020,3923,3044,4108,2826,3658,2829,2899,2809,3772,3937,2936,2967,3205,2799,2913,2890,2908,2745,2745,3228,3346,2781,3233,2733,3216,3162,2916,4580,2924,3805,3666,2828,3951,3444,2790,2822,2765,3439,5777,3004,2804,2813,5063,2614,2856,3023,3001,3865,2940,4003,2894,2995,3006,3006,2862,3024,2902,2830,2993,2809,4080,2839,3156,2946,2817,3753,2799,2735,2656,2757,3756,2813,2856,2967,2985,2928,2971,2875,3195,2877,4043,2904,2881,2952,2629,3195,3969,2911,3023,6202,2995,3139,2853,2967,3026,3426,3686,4098,3022,3845,2962,2778,3827,3883,2890,2936,2870,3074,2765,2842,3137,3285,2698,3330,2773,3496,4270,3355,3175,3227,2850,3246,3265,2913,3194,3056,2803,2870,2780,3095,2780,4473,2653,2687,2666,2726,2689,17507,2816,2745,3162,2755,2885,2958,2996,2923,3230,3577,2925,2825,2932,2896,2796,3244,2719,2778,3667,2881,3325,2737,2859,2937,2940,2882,2807,3071,4964,3941,3195,3197,3575,2896,2851,3103,3714,3051,2798,2842,2966,3181,3105,7581,2671,3820,3344,2849,2922,3206,4153,2868,2867,3040,2832,3030,3646,2864,7161,3252,3355,3237,2666,2827,2974,4726,3686,2897,3004,3136,3139,3049,3077,3056,3018,2875,3046,3434,2847,2878,2604,4291,3172,3016,3150,3355,2864,3294,2856,3079,4514,3315,2813,3223,3263,3317,3101,4065,2730,2908,2938,2991,2980,3114,2927,2851,2790,5008,6687,3750,2894,3872,2710,2858,3108,2782,2869,3142,3965,2823,2672,2925,2854,2856,2965,2929,2960,6281,4831,3274,3060,3025,2876,2852,3095,3320,3024,2665,2807,3025,3315,2875,2861,2915,3462,3248,2939,2764,3668,3077,2810,9992,2744,2901,4936,3267,3151,3129,2877,3652,2916,4696,3121,4410,2561,4150,2861,2896,2599,2844,4465,3033,4421,3191,2868,2891,3081,5301,2931,2924,3575,3975,3342,2810,2776,2613,8524,3143,2965,4012,3196,3230,3112,3165,3262,3243,2984,8873,3658,2986,2829,2979,2968,2923,3511,5731,2879,3109,3064,3235,4208,3429,3658,2946,4156,2870,3005,4541,2592,3083,2486,2795,2492,5160,2461
00:33:14,37,3168,2897,3373,3274,2857,2885,3088,2761,3409,2921,2845,2851,2766,2980,3799,4333,2845,3599,2886,3035,3034,3989,3053,4174,2766,3796,2840,2843,2809,3933,4028,2890,3020,3266,2768,2862,2854,2850,2820,2826,3387,3269,2840,3235,2869,3198,3181,2881,4779,2917,3988,3892,2848,4055,3539,2773,2777,2674,3491,5901,2984,2744,2838,5317,2757,2814,3120,3096,3840,2912,3978,2831,3023,2972,3002,2906,3001,2767,2800,3028,2784,4238,2702,3276,2873,2796,3954,2850,2772,2698,2781,3818,2827,2883,2948,2898,2872,3030,2834,3137,2862,4197,2856,2904,2933,2665,3211,4058,2938,2973,6439,3066,3273,2832,2897,3062,3361,3639,4120,2986,3948,2933,2748,4001,3946,2863,2853,2856,3075,2725,2852,3164,3302,2679,3378,2727,3465,4349,3430,3242,3370,2880,3258,3179,2850,3222,3039,2776,2865,2770,3062,2772,4752,2671,2733,2650,2651,2670,17840,2804,2665,3159,2777,2881,2953,2923,2944,3075,3821,2907,2826,2877,2852,2773,3361,2669,2783,3733,2877,3353,2779,2812,2961,2930,2901,2752,3006,5230,3990,3266,3141,3703,2925,2836,3065,3645,3065,2769,2844,3002,3072,3173,8392,2706,3921,3351,2831,2895,3245,4280,2897,2879,2995,2836,3047,3613,2969,7941,3233,3364,3281,2646,2788,2890,4809,3734,2817,2921,3289,3092,3145,3087,3068,2956,2927,3121,3423,2829,2810,2620,4283,3152,2966,3201,3301,2825,3308,2805,3114,4547,3277,2785,3172,3252,3310,3011,4204,2634,2908,2899,2906,3000,3158,3037,2813,2745,5116,7108,3878,2870,4108,2627,2769,3133,2731,2896,3078,4041,2802,2631,3026,2772,2859,2930,2862,2867,6779,4971,3241,2911,3053,2842,2821,3130,3374,3057,2701,2915,3067,3491,2745,2840,3014,3598,3225,2979,2803,3839,3179,2842,10966,2710,2911,5007,3360,3179,3109,2871,3649,2959,5205,3088,4598,2534,4200,2779,2899,2617,2925,4645,3036,4742,3216,2857,2924,3065,5459,2828,2987,3749,3954,3455,2867,2800,2617,9792,3105,2868,4016,3260,3237,3063,3265,3230,3365,2899,9326,3670,2883,2783,2993,2967,2895,3571,5925,2876,3098,3113,3323,4441,3541,3791,2938,4304,2868,3082,4768,2601,3107,2393,2853,2465,5176,2394
00:43:14,37,3292,2815,3375,3249,2882,2932,3153,2805,3359,2901,2762,2912,2815,2962,3755,4415,2838,3819,2916,3036,3052,4006,3049,4111,2823,3697,2878,2784,2838,3881,3980,2820,2930,3292,2789,2922,2805,2830,2783,2724,3488,3252,2896,3243,2844,3227,3151,2914,4743,2906,4106,3982,2868,4163,3512,2855,2748,2646,3489,6062,2960,2756,2758,5460,2692,2877,3113,2978,3823,2909,3948,2868,2947,3071,3012,2883,3002,2831,2833,3009,2796,4463,2665,3325,2849,2758,3930,2757,2770,2748,2770,3871,2736,2901,2868,2873,2865,3027,2700,3243,2861,4239,2883,2832,2947,2627,3174,4033,2952,2944,6766,3019,3295,2833,2962,3049,3430,3749,4203,2998,4032,2978,2833,4130,4083,2872,2827,2868,3104,2630,2807,3174,3274,2626,3282,2652,3464,4319,3304,3290,3262,2884,3123,3245,2775,3184,2929,2776,2811,2715,3010,2743,4777,2713,2729,2703,2697,2635,17399,2822,2658,3170,2679,2907,2915,3003,2866,3072,3907,2909,2895,2835,2865,2739,3372,2711,2723,3692,2863,3375,2786,2861,2911,2884,2870,2750,3074,5497,4079,3233,3105,3714,2899,2879,3028,3769,3062,2743,2704,2945,3119,3143,9418,2693,3838,3244,2842,2837,3221,4544,2826,2887,3155,2845,3064,3679,2897,8660,3417,3344,3358,2744,2769,2838,4892,3662,2892,2918,3390,3044,3155,3081,3072,2942,2957,3116,3508,2766,2868,2589,4367,3197,2957,3186,3382,2854,3254,2857,3017,4559,3185,2727,3150,3292,3364,3052,4229,2648,2924,2875,2865,3025,3169,2948,2754,2741,5330,7270,3817,2842,4204,2619,2796,3122,2693,2834,3039,4135,2741,2590,3012,2753,2844,2935,2871,2841,7025,5128,3180,3026,3114,2844,2736,3130,3427,3039,2742,2822,3025,3430,2730,2871,2994,3609,3180,2975,2761,4092,3159,2767,11991,2779,2883,4937,3352,3179,3148,2924,3670,2958,5564,3243,5113,2466,4264,2757,2932,2543,2910,4850,3084,4893,3217,2866,2816,3021,5529,2867,3022,3878,3910,3538,2853,2812,2636,11436,3112,2911,4028,3294,3215,3037,3506,3243,3390,2973,9698,3679,2994,2834,2953,2934,2874,3467,5987,2851,3079,3158,3131,4460,3451,3906,2914,4357,2837,3116,4760,2560,3091,2438,2762,2464,5273,2441
00:53:14,36.9,3267,2757,3475,3271,2898,2964,3090,2774,3356,2837,2816,2923,2767,3012,3811,4376,2833,3785,2921,3035,3062,3999,3144,4270,2797,3672,2795,2808,2841,3963,4028,2884,2973,3328,2690,2865,2827,2781,2727,2724,3530,3281,2814,3317,2848,3256,3167,2865,4817,2929,4192,4131,2838,4058,3504,2710,2775,2715,3421,6103,2841,2785,2746,5440,2661,2849,3171,2909,3808,2957,3839,2878,3036,3128,3031,3010,2984,2720,2749,2968,2818,4356,2733,3446,2778,2818,4045,2765,2659,2709,2774,3874,2691,2886,2924,2951,2850,3033,2880,3235,2817,4207,2900,2803,2940,2611,3170,4040,2960,2940,6692,3017,3304,2750,3001,3056,3316,3835,4226,2973,3975,2977,2739,4156,4098,2903,2878,2945,3079,2614,2883,3131,3207,2661,3329,2695,3484,4252,3467,3329,3206,2859,3299,3212,2861,3175,3027,2803,2769,2691,3015,2774,4791,2647,2678,2676,2696,2579,17953,2804,2698,3191,2683,2879,3004,2880,2819,3090,3969,2950,2917,2913,2774,2766,3413,2766,2715,3844,2863,3379,2763,2792,2999,2913,2880,2735,3020,5613,4113,3281,3169,3678,2960,2842,3018,3757,3010,2825,2749,2844,3083,3228,10044,2602,3867,3238,2877,2876,3147,4790,2884,2874,3077,2785,3087,3674,2960,8958,3352,3451,3386,2697,2818,2909,4956,3600,2881,2966,3413,3055,3132,3092,3084,2908,2893,3097,3555,2722,2827,2613,4473,3173,2947,3268,3380,2852,3251,2775,3078,4565,3173,2774,3225,3222,3284,3080,4213,2574,2963,2854,2948,3021,3149,3085,2839,2766,5327,7216,3929,2814,4280,2600,2805,3180,2753,2828,3060,4204,2787,2527,3078,2787,2729,2894,2926,2859,7137,5126,3333,3015,3239,2876,2755,3144,3525,3048,2667,2857,3071,3348,2840,2819,2911,3612,3157,2895,2695,4325,3111,2850,12297,2744,2948,4957,3300,3170,3077,2986,3636,2990,5635,3163,5339,2534,4379,2840,2960,2590,2851,4939,2993,4840,3138,2920,2920,3049,5475,2859,3020,3839,4028,3396,2936,2733,2556,12201,3137,2907,4238,3261,3267,2971,3589,3306,3428,3017,9803,3709,3012,2830,3025,2956,2852,3566,6030,2824,3097,3163,3153,4492,3498,3954,2869,4481,2834,3098,5011,2588,3112,2455,2806,2435,5391,2509
01:03:14,37,3258,2872,3468,3294,2847,2935,3129,2742,3450,2844,2812,3059,2822,3064,3848,4451,2911,3856,2892,2979,3038,4047,3085,4344,2880,3815,2850,2843,2844,4058,3969,2799,2958,3309,2747,2845,2789,2819,2728,2748,3479,3323,2844,3340,2823,3219,3156,2953,4901,2947,4205,4099,2799,4373,3546,2757,2732,2715,3498,6067,2954,2703,2758,5465,2603,2842,3173,3033,3923,2952,3901,2835,3140,3083,3066,2930,2989,2780,2849,3020,2748,4483,2678,3486,2811,2862,4038,2740,2783,2703,2784,3994,2753,2914,2927,2864,2893,3033,2833,3253,2810,4272,2811,2805,3009,2600,3161,4024,2808,2934,6915,3084,3368,2809,2942,3031,3423,3928,4246,2990,4127,2979,2815,4243,4136,2818,2832,2872,3088,2624,2759,3070,3170,2660,3263,2694,3455,4334,3402,3443,3213,2864,3178,3173,2861,3174,3021,2878,2841,2708,3028,2720,4737,2681,2709,2735,2679,2624,18543,2774,2651,3168,2677,2837,2938,2965,2873,3149,3983,2873,2800,2957,2869,2686,3427,2703,2713,3722,2813,3503,2783,2783,2938,2968,2822,2655,3050,5765,4180,3264,3152,3666,2962,2843,3048,3826,3035,2773,2883,2926,3102,3158,10714,2715,3733,3234,2764,2920,3201,4740,2871,2933,2988,2756,3123,3846,2945,9200,3490,3403,3380,2683,2794,2853,4916,3742,2801,2873,3445,3119,3127,3015,3140,2895,2975,3130,3533,2812,2858,2654,4602,3242,2975,3278,3344,2858,3343,2777,3074,4744,3215,2717,3178,3303,3410,3113,4472,2588,2973,2909,2997,3045,3240,3037,2746,2816,5432,7370,3931,2763,4338,2608,2759,3177,2743,2924,3067,4247,2804,2585,3124,2719,2813,3017,2895,2896,7263,5215,3331,3052,3199,2914,2808,3183,3742,2987,2675,2890,3029,3414,2837,2917,3044,3681,3290,2933,2742,4526,3120,2809,12497,2763,2932,5182,3356,3168,3147,2944,3712,2991,5904,3093,5606,2505,4655,2794,2970,2627,2871,5142,3059,4948,3094,2906,2912,3018,5564,2991,2980,3777,3965,3408,2921,2779,2666,12729,3141,2876,4279,3338,3284,3006,3739,3396,3505,3004,10358,3671,2931,2822,3018,2978,2874,3705,6185,2881,3221,3186,3236,4543,3562,4044,2865,4500,2874,3108,5089,2575,3164,2404,2776,2455,5574,2432
01:13:14,37,3319,2860,3506,3432,2829,2915,3175,2819,3499,2920,2841,2973,2809,3123,3853,4583,2906,3905,2897,3046,3059,4012,3061,4631,2846,3908,2832,2823,2833,4099,4139,2918,3059,3382,2676,2837,2806,2864,2710,2704,3518,3327,2823,3571,2852,3303,3147,2859,5039,2964,4418,4243,2906,4476,3490,2809,2780,2758,3590,6337,2953,2702,2796,5721,2705,2839,3216,2981,3902,2892,3896,2823,3091,3191,3072,2960,3026,2758,2824,3020,2728,4586,2715,3630,2840,2748,4122,2722,2704,2701,2716,4023,2725,2933,2885,2925,2922,3027,2752,3309,2808,4349,2879,2757,2963,2641,3212,4043,2882,2987,6844,3032,3466,2806,2972,3088,3424,3980,4370,2968,4224,3030,2783,4345,4382,2821,2875,2840,3129,2607,2831,3131,3277,2673,3369,2721,3559,4391,3518,3427,3382,2941,3485,3333,2886,3292,3087,2805,2804,2683,3082,2716,4611,2622,2690,2733,2700,2673,17704,2821,2678,3265,2760,2856,2967,2967,2956,3155,4050,2990,2901,2869,2759,2787,3488,2663,2747,3728,2808,3657,2786,2759,2935,2877,2909,2731,3153,6089,4294,3298,3228,3831,3026,2926,3151,3884,2954,2749,2768,2977,3002,3157,11862,2726,3816,3297,2722,2925,3272,4809,2778,2927,3041,2849,3094,3832,2941,9368,3413,3498,3523,2600,2769,2893,5279,3597,2804,2862,3435,3148,3240,3060,3195,2960,3032,3080,3640,2782,2852,2579,4764,3308,3023,3348,3519,2776,3437,2878,3180,4836,3272,2773,3333,3277,3493,3043,4574,2574,2930,2945,2912,3118,3287,3063,2816,2800,5523,7657,3865,2798,4348,2633,2819,3185,2787,2858,3051,4218,2833,2553,3058,2824,2767,2972,2884,2920,7469,5474,3444,3090,3202,2785,2761,3153,4116,3098,2690,2868,3104,3465,2837,2934,2938,3730,3221,2921,2799,4835,3096,2863,12975,2851,3021,5506,3421,3312,3140,3052,3962,2970,6080,3077,5728,2542,4789,2767,3020,2598,2824,5210,3138,4951,3181,2957,2994,3173,5647,3033,3131,3812,4004,3556,2854,2803,2641,13002,3257,2932,4341,3480,3314,3042,3764,3333,3526,3024,11186,3719,3047,2848,3033,3120,2959,3704,6257,2880,3275,3265,3201,4710,3589,4306,2893,4708,2839,3115,5407,2572,3256,2406,2870,2406,5762,2421
01:23:14,37,3453,2858,3581,3418,2890,2901,3196,2902,3502,2969,2875,2983,2883,3133,4008,4823,2857,4022,2900,3184,3217,4034,3067,5028,2883,4035,2814,2910,2876,4247,4281,2857,3009,3396,2680,2885,2882,3012,2699,2759,3622,3377,2791,3939,2838,3345,3180,2886,5287,2996,4497,4336,2888,4632,3583,2804,2782,2715,3589,6817,2968,2736,2756,5996,2730,2872,3327,3121,4103,2974,4177,2847,3185,3302,3153,3013,3080,2859,2824,3028,2743,4597,2705,3713,2882,2843,4241,2732,2780,2751,2691,4155,2819,2997,2902,2921,3004,3139,2854,3358,2832,4489,2973,2850,3014,2517,3249,4177,2888,2940,6985,3090,3517,2885,2997,3021,3560,4071,4552,3081,4301,3082,2766,4329,4277,2932,2917,2877,3176,2719,2863,3026,3312,2673,3470,2692,3563,4651,3493,3526,3387,2951,3623,3347,2945,3301,3078,2846,2848,2655,3004,2775,4447,2639,2719,2716,2670,2576,17000,2791,2703,3242,2752,2856,3044,3060,2889,3141,4211,3061,2963,3062,2936,2706,3505,2738,2765,3592,2814,3643,2854,2788,3005,2877,2926,2746,3210,6451,4299,3305,3159,3890,3077,2954,3040,3976,3031,2783,2854,2987,3116,3160,11844,2667,3871,3354,2843,3014,3363,4852,2869,2887,3076,2801,3144,4011,3026,9655,3472,3558,3568,2646,2859,2940,5835,3706,2830,2855,3545,3052,3209,3167,3107,2939,3025,3168,3757,2878,2866,2660,4889,3300,3015,3398,3547,2936,3481,2855,3261,5004,3247,2764,3329,3494,3673,3025,4707,2631,2889,2862,2953,3109,3354,3146,2845,2858,5794,7823,4078,2850,4451,2642,2816,3257,2711,2937,3124,4314,2772,2621,3028,2797,2847,3007,2972,2907,7800,5622,3514,3219,3336,2976,2814,3263,4530,2936,2675,2726,3072,3489,2843,2907,3046,3792,3352,2960,2872,4960,3148,2825,13165,2888,2948,6142,3523,3404,3191,3083,4121,2949,6177,3206,5952,2479,5102,2806,3296,2635,2845,5368,3166,5034,3237,2911,2967,3182,5637,2980,3175,3976,4052,3587,2952,2807,2618,13837,3205,2926,4518,3469,3364,3074,3816,3434,3714,2995,11755,3875,3124,2863,2988,3115,3027,3824,6550,2893,3388,3313,3247,4854,3805,4337,2896,4869,2915,3122,5552,2591,3323,2442,2811,2421,6076,2491
01:33:14,37,3475,2953,3710,3459,2942,3069,3320,2928,3612,2938,2877,3011,2932,3136,4022,5017,2978,4108,3005,3136,3211,4162,3115,5305,2893,4219,2928,2833,2863,4490,4280,2976,3069,3484,2762,2868,2905,2955,2822,2785,3605,3409,2914,4132,2856,3355,3298,2964,5488,3010,4591,4513,2955,4818,3620,2812,2831,2737,3699,7374,2984,2786,2807,5982,2713,2894,3296,2975,4223,3062,4401,2890,3252,3340,3118,3046,3091,2797,2905,3073,2751,4679,2742,3863,2841,2804,4356,2775,2747,2694,2819,4245,2845,2895,2961,3052,2969,3117,2921,3343,2889,4800,2971,2828,3035,2671,3223,4333,3013,3011,7309,3081,3628,2867,3026,3097,3634,4147,4673,3098,4479,3114,2852,4571,4506,2942,2957,2889,3223,2762,2905,3120,3478,2719,3508,2721,3550,4942,3602,3540,3507,3077,3771,3591,3010,3508,3187,2795,2878,2771,3116,2724,4791,2633,2760,2702,2714,2644,16677,2811,2689,3356,2743,2918,3150,3087,2947,3271,4420,3103,3075,2985,2904,2781,3518,2754,2796,3519,2866,3937,2786,2881,3066,3015,3042,2790,3334,6620,4592,3441,3305,4070,3027,2961,3181,3992,3106,2770,2934,3048,3231,3095,11844,2705,4010,3479,2846,3028,3519,5019,2878,2930,3090,2876,3271,4103,3083,9597,3584,3666,3711,2669,2878,2899,6181,3898,2930,2955,3487,3147,3262,3194,3192,3077,3061,3203,3896,2820,2857,2667,4939,3471,3095,3464,3598,2927,3509,2906,3319,5357,3427,2832,3381,3741,3845,3031,4968,2691,3046,3005,3094,3165,3405,3198,2880,2892,5945,8237,4160,2881,4647,2660,2795,3304,2759,3003,3162,4354,2883,2500,3165,2822,2930,3067,2999,2982,7952,5677,3626,3264,3348,2993,2775,3280,4699,3003,2683,2767,3141,3526,2833,2955,3074,3939,3464,2998,2797,5178,3265,2856,13784,2903,3192,6588,3665,3475,3290,3072,4544,3037,6517,3264,6478,2480,5333,2775,3682,2670,2887,5717,3089,5027,3239,3046,3119,3217,5812,3115,3188,4092,4304,3620,3056,2851,2645,14335,3384,2998,4780,3620,3478,3098,3913,3400,3851,3094,12297,3980,3098,2929,3064,3279,3099,4032,6698,3048,3463,3385,3367,5005,3770,4392,2966,5043,3001,3180,5806,2522,3380,2430,2988,2455,6320,2507
01:43:14,37,3693,2989,3747,3628,3027,3048,3384,2974,3658,2962,2975,3020,3000,3298,4147,5272,3006,4308,3007,3273,3338,4190,3200,5760,3078,4462,2920,2938,2994,4759,4386,2940,3152,3530,2691,2882,3012,3015,2905,2871,3746,3531,2875,4589,2914,3446,3426,3090,5667,3073,4784,4732,3043,4837,3752,2870,2885,2769,3743,7788,3045,2848,2913,6407,2760,2923,3378,3077,4366,3164,4721,2974,3343,3282,3379,3056,3191,2917,2894,3134,2828,4694,2745,3958,2967,2905,4497,2882,2837,2778,2800,4370,2873,3019,2991,3139,3062,3250,2999,3403,2893,4949,3023,2851,3091,2753,3478,4433,3128,3082,7513,3169,3662,2923,3068,3148,3710,4361,4939,3127,4811,3244,2955,4846,4649,3093,3057,3044,3311,2810,2938,3330,3490,2814,3605,2752,3648,5247,3733,3678,3597,3172,3898,3601,3058,3553,3216,2933,2982,2745,3184,2874,4957,2745,2790,2840,2706,2694,16870,2916,2812,3483,2807,3002,3143,3190,2943,3306,4580,3163,2972,3010,2931,2823,3709,2814,2902,3494,2967,4312,2948,2888,3044,3073,3117,2825,3278,7164,4688,3504,3299,4232,3140,3026,3179,4220,3210,2854,2906,3204,3387,3331,11565,2815,4105,3588,2966,3021,3566,5360,2994,2927,3215,3005,3269,4212,3218,9756,3721,3851,3795,2752,2878,2974,6342,4095,3088,3001,3584,3354,3312,3297,3277,3072,3074,3270,3907,2807,2929,2690,5237,3535,3169,3577,3746,2963,3581,2951,3414,5635,3548,2916,3591,3819,3965,3192,5312,2690,3123,3086,3122,3245,3562,3256,2978,3000,6382,8496,4350,2910,4801,2664,2906,3461,2819,3012,3258,4585,2989,2566,3104,2876,2932,3042,3055,3037,8243,5937,3769,3399,3450,3054,2833,3354,4952,3185,2762,2883,3314,3661,2927,2958,3179,4080,3543,3093,2838,5165,3277,2898,14394,2878,3159,7099,3769,3668,3339,3296,4644,3127,6617,3401,6750,2552,5612,2913,3986,2663,2893,5954,3258,5233,3376,3074,3167,3299,5865,3190,3230,4258,4459,3817,3120,2963,2808,15093,3541,3035,4951,3652,3568,3118,3930,3495,3799,3196,13111,3982,3183,3039,3297,3321,3196,4149,6987,3078,3643,3508,3422,5248,3966,4567,3024,5285,3029,3277,6119,2492,3506,2426,2933,2365,6705,2481
01:53:14,37,3776,3050,3974,3661,3037,3155,3541,3029,3760,3093,2978,3179,3127,3355,4285,5566,2970,4401,3122,3351,3373,4365,3230,6237,3095,4622,3065,3018,2949,4877,4786,3094,3232,3562,2820,3040,3084,3172,2825,2966,3797,3708,2928,5032,3007,3515,3390,3063,5934,3177,5037,4885,3076,5285,3821,2961,2824,2895,3882,7919,3158,2959,2885,7032,2870,3081,3504,3168,4561,3193,5115,3060,3495,3497,3409,3169,3257,2960,2980,3179,2939,4865,2787,3940,3085,3019,4682,2949,2934,2843,2845,4581,2916,3123,3002,3121,3170,3404,3036,3590,2973,5331,3148,3075,3255,2783,3414,4557,3167,3101,7673,3152,3792,3000,3134,3212,3958,4410,5291,3206,4858,3311,2953,4951,4923,3157,3038,3057,3350,2812,2961,3508,3548,2967,3736,2912,3670,5572,3806,3778,3725,3241,3961,3823,3092,3679,3256,2962,2944,2794,3285,2892,5148,2715,2959,2877,2781,2784,17260,2951,2924,3600,2875,3039,3195,3270,3037,3401,4628,3232,3057,3092,3006,2873,3737,2933,2881,3746,3047,4455,2990,3054,3277,3119,3206,2858,3324,7455,5025,3653,3339,4347,3248,3104,3254,4448,3276,2864,2996,3201,3365,3304,11808,2772,4311,3817,3001,3236,3751,5423,2945,3013,3201,2987,3357,4463,3313,9884,3883,3932,4029,2753,2897,3146,6995,4303,3101,3097,3613,3371,3469,3444,3431,3188,3182,3393,4086,2978,3019,2690,5386,3580,3213,3639,3807,3039,3724,3065,3521,5932,3676,2920,3694,3983,4259,3276,5556,2722,3118,3023,3131,3305,3625,3365,2997,3022,6640,8924,4543,2995,4983,2668,2871,3524,2888,3050,3387,4622,2997,2652,3240,2927,2984,3255,3132,3111,8670,6235,3880,3491,3592,3199,3031,3411,5153,3153,2852,2922,3386,3676,3010,3120,3212,4342,3702,3112,2908,5454,3364,3069,14794,3014,3269,7440,4001,3979,3433,3272,5083,3194,6945,3425,7169,2635,5759,2984,4370,2735,2944,6247,3282,5264,3523,3223,3232,3482,6076,3308,3374,4553,4480,4019,3172,3002,2839,15390,3611,3126,5227,3723,3775,3056,3955,3644,3918,3268,13635,4266,3397,3123,3356,3451,3274,4420,7147,3156,3586,3564,3515,5473,4079,4799,3120,5470,3112,3318,6512,2507,3580,2421,3043,2413,6918,2434
02:03:14,37,3922,3255,4201,3829,3246,3241,3718,3077,3976,3194,3133,3291,3145,3406,4312,5950,3205,4501,3193,3379,3489,4530,3316,6490,3145,4889,3089,3078,3124,5197,5084,3184,3303,3760,2910,3050,3127,3238,2913,3043,3823,3831,3036,5373,3033,3670,3447,3201,6119,3296,5179,5154,3257,5673,3939,3033,2962,2822,4154,8185,3185,2904,3006,7377,2848,3127,3570,3183,4825,3312,5400,3143,3541,3563,3585,3305,3364,3045,3139,3233,2958,5106,2863,4064,3145,3123,4852,3097,2977,2910,2948,4880,2858,3170,3139,3189,3308,3508,3199,3666,3032,5636,3218,3064,3362,2906,3557,4760,3527,3276,8697,3303,3790,3051,3188,3341,4076,4648,5477,3254,5080,3492,3131,5218,5162,3303,3192,3158,3524,2819,3104,3583,3705,2999,3939,2977,3751,5864,4024,3984,3765,3264,4127,3945,3264,3898,3519,3032,3152,2896,3358,2991,5611,2854,3029,2955,2806,2830,18088,3071,2984,3704,2991,3113,3227,3254,3098,3476,4967,3239,3136,3289,3099,2967,3845,2976,3067,3975,3146,4660,3091,3111,3407,3325,3271,2940,3467,7800,5290,3718,3502,4492,3423,3224,3356,4695,3458,2987,3052,3434,3468,3406,13721,2902,4524,3897,3035,3290,3885,5470,3152,3119,3339,3104,3483,4606,3408,10098,4027,4128,4148,2905,3008,3280,7535,4426,3249,3213,3687,3452,3587,3521,3462,3194,3347,3488,4311,3041,3044,2743,5727,3780,3348,3918,4053,3128,3895,3186,3737,6318,3809,2933,3700,4158,4288,3400,5911,2764,3173,3179,3310,3351,3749,3564,3050,3134,6965,9372,4743,3144,5245,2779,3074,3615,2983,3155,3468,4784,3090,2733,3313,2989,3065,3215,3192,3164,9005,6411,4044,3682,3713,3230,3024,3528,5309,3215,2836,2990,3598,3924,3108,3215,3173,4434,3822,3216,2938,5556,3464,3095,15255,3063,3347,8035,4052,4119,3595,3488,5442,3389,7215,3556,7882,2642,6020,3095,4668,2873,3052,6572,3359,5483,3522,3367,3353,3566,6312,3424,3512,4657,4683,4063,3270,3143,2965,16179,3684,3221,5368,3819,3909,3172,4017,3808,3879,3367,14514,4384,3505,3249,3401,3509,3300,4504,7558,3256,3923,3748,3536,5869,4225,4976,3215,5818,3187,3520,6779,2524,3721,2333,3102,2462,7060,2472
