Time,T° Read 1:630,A1,A2,A3,A4,A5,A6,A7,A8,A9,A10,A11,A12,A13,A14,A15,A16,A17,A18,A19,A20,A21,A22,A23,A24,B1,B2,B3,B4,B5,B6,B7,B8,B9,B10,B11,B12,B13,B14,B15,B16,B17,B18,B19,B20,B21,B22,B23,B24,C1,C2,C3,C4,C5,C6,C7,C8,C9,C10,C11,C12,C13,C14,C15,C16,C17,C18,C19,C20,C21,C22,C23,C24,D1,D2,D3,D4,D5,D6,D7,D8,D9,D10,D11,D12,D13,D14,D15,D16,D17,D18,D19,D20,D21,D22,D23,D24,E1,E2,E3,E4,E5,E6,E7,E8,E9,E10,E11,E12,E13,E14,E15,E16,E17,E18,E19,E20,E21,E22,E23,E24,F1,F2,F3,F4,F5,F6,F7,F8,F9,F10,F11,F12,F13,F14,F15,F16,F17,F18,F19,F20,F21,F22,F23,F24,G1,G2,G3,G4,G5,G6,G7,G8,G9,G10,G11,G12,G13,G14,G15,G16,G17,G18,G19,G20,G21,G22,G23,G24,H1,H2,H3,H4,H5,H6,H7,H8,H9,H10,H11,H12,H13,H14,H15,H16,H17,H18,H19,H20,H21,H22,H23,H24,I1,I2,I3,I4,I5,I6,I7,I8,I9,I10,I11,I12,I13,I14,I15,I16,I17,I18,I19,I20,I21,I22,I23,I24,J1,J2,J3,J4,J5,J6,J7,J8,J9,J10,J11,J12,J13,J14,J15,J16,J17,J18,J19,J20,J21,J22,J23,J24,K1,K2,K3,K4,K5,K6,K7,K8,K9,K10,K11,K12,K13,K14,K15,K16,K17,K18,K19,K20,K21,K22,K23,K24,L1,L2,L3,L4,L5,L6,L7,L8,L9,L10,L11,L12,L13,L14,L15,L16,L17,L18,L19,L20,L21,L22,L23,L24,M1,M2,M3,M4,M5,M6,M7,M8,M9,M10,M11,M12,M13,M14,M15,M16,M17,M18,M19,M20,M21,M22,M23,M24,N1,N2,N3,N4,N5,N6,N7,N8,N9,N10,N11,N12,N13,N14,N15,N16,N17,N18,N19,N20,N21,N22,N23,N24,O1,O2,O3,O4,O5,O6,O7,O8,O9,O10,O11,O12,O13,O14,O15,O16,O17,O18,O19,O20,O21,O22,O23,O24,P1,P2,P3,P4,P5,P6,P7,P8,P9,P10,P11,P12,P13,P14,P15,P16,P17,P18,P19,P20,P21,P22,P23,P24
00:00:12,37,0.164,0.147,0.145,0.144,0.155,0.153,0.156,0.134,0.126,0.144,0.138,0.142,0.152,0.162,0.132,0.126,0.157,0.141,0.132,0.141,0.149,0.148,0.134,0.148,0.164,0.171,0.133,0.189,0.163,0.173,0.142,0.164,0.305,0.147,0.084,0.155,0.12,0.084,0.101,0.088,0.095,0.089,0.128,0.148,0.142,0.143,0.135,0.138,0.144,0.138,0.145,0.147,0.136,0.136,0.132,0.152,0.149,0.119,0.103,0.143,0.112,0.119,0.083,0.126,0.096,0.129,0.144,0.116,0.138,0.136,0.145,0.132,0.127,0.148,0.143,0.131,0.119,0.154,0.137,0.142,0.139,0.118,0.121,0.135,0.111,0.132,0.117,0.149,0.141,0.182,0.129,0.129,0.128,0.134,0.134,0.131,0.167,0.148,0.14,0.145,0.137,0.145,0.13,0.153,0.121,0.143,0.123,0.114,0.119,0.126,0.133,0.087,0.15,0.136,0.137,0.118,0.134,0.119,0.125,0.139,0.146,0.15,0.132,0.164,0.152,0.143,0.134,0.155,0.136,0.147,0.134,0.168,0.135,0.12,0.164,0.147,0.15,0.135,0.119,0.127,0.136,0.176,0.134,0.137,0.147,0.153,0.151,0.153,0.151,0.133,0.14,0.157,0.174,0.142,0.146,0.124,0.152,0.111,0.196,0.186,0.189,0.146,0.137,0.141,0.123,0.166,0.124,0.152,0.138,0.143,0.141,0.132,0.142,0.119,0.126,0.141,0.147,0.128,0.127,0.144,0.131,0.129,0.125,0.132,0.141,0.144,0.136,0.139,0.141,0.117,0.141,0.145,0.145,0.138,0.159,0.13,0.132,0.153,0.144,0.154,0.147,0.119,0.111,0.137,0.128,0.142,0.146,0.139,0.165,0.134,0.134,0.15,0.142,0.135,0.155,0.157,0.186,0.138,0.172,0.158,0.161,0.182,0.141,0.136,0.185,0.135,0.139,0.152,0.142,0.122,0.129,0.144,0.157,0.15,0.184,0.185,0.154,0.143,0.202,0.144,0.167,0.144,0.135,0.135,0.153,0.102,0.137,0.122,0.138,0.141,0.1,0.116,0.124,0.12,0.12,0.142,0.133,0.129,0.151,0.13,0.141,0.15,0.182,0.119,0.182,0.122,0.13,0.129,0.128,0.11,0.15,0.121,0.15,0.1,0.166,0.098,0.149,0.096,0.157,0.107,0.129,0.096,0.154,0.114,0.138,0.131,0.173,0.142,0.131,0.111,0.101,0.094,0.111,0.122,0.131,0.099,0.16,0.092,0.099,0.1,0.12,0.096,0.145,0.095,0.165,0.104,0.126,0.11,0.111,0.138,0.111,0.157,0.116,0.126,0.122,0.119,0.1,0.128,0.098,0.115,0.116,0.143,0.116,0.098,0.09,0.096,0.105,0.108,0.095,0.117,0.104,0.114,0.108,0.122,0.125,0.119,0.124,0.127,0.123,0.139,0.141,0.102,0.114,0.13,0.146,0.094,0.136,0.1,0.096,0.11,0.103,0.084,0.105,0.113,0.124,0.13,0.114,0.123,0.117,0.122,0.117,0.135,0.134,0.123,0.128,0.13,0.123,0.122,0.123,0.121,0.102,0.113,0.135,0.109,0.127,0.112,0.113,0.086,0.116,0.087,0.127,0.084,0.116,0.095
00:10:12,37,0.165,0.149,0.157,0.144,0.155,0.156,0.163,0.135,0.126,0.142,0.138,0.148,0.145,0.165,0.136,0.128,0.161,0.139,0.139,0.14,0.153,0.152,0.138,0.151,0.157,0.174,0.139,0.184,0.141,0.174,0.135,0.178,0.314,0.139,0.083,0.155,0.126,0.083,0.105,0.088,0.095,0.089,0.122,0.147,0.154,0.152,0.139,0.148,0.147,0.147,0.141,0.145,0.138,0.133,0.134,0.149,0.144,0.139,0.1,0.146,0.107,0.125,0.083,0.136,0.095,0.13,0.156,0.118,0.135,0.139,0.149,0.138,0.131,0.161,0.152,0.131,0.126,0.155,0.128,0.154,0.14,0.129,0.119,0.13,0.112,0.139,0.112,0.15,0.136,0.153,0.123,0.124,0.129,0.133,0.144,0.147,0.162,0.136,0.137,0.137,0.134,0.141,0.141,0.137,0.117,0.136,0.127,0.123,0.123,0.13,0.128,0.087,0.154,0.132,0.136,0.118,0.133,0.126,0.13,0.174,0.143,0.159,0.132,0.155,0.132,0.147,0.14,0.151,0.147,0.149,0.133,0.164,0.145,0.136,0.14,0.134,0.135,0.13,0.12,0.126,0.132,0.162,0.141,0.161,0.152,0.156,0.157,0.138,0.148,0.138,0.14,0.154,0.169,0.149,0.138,0.127,0.156,0.113,0.17,0.142,0.178,0.122,0.141,0.143,0.135,0.14,0.121,0.148,0.146,0.15,0.135,0.131,0.119,0.122,0.132,0.141,0.143,0.132,0.138,0.119,0.113,0.125,0.13,0.144,0.14,0.131,0.132,0.126,0.134,0.115,0.128,0.14,0.146,0.141,0.159,0.124,0.149,0.14,0.132,0.146,0.152,0.122,0.103,0.125,0.121,0.124,0.14,0.14,0.138,0.127,0.139,0.148,0.134,0.137,0.156,0.147,0.176,0.141,0.165,0.157,0.147,0.166,0.137,0.133,0.169,0.129,0.142,0.154,0.148,0.145,0.12,0.135,0.156,0.142,0.176,0.169,0.137,0.141,0.216,0.141,0.151,0.155,0.153,0.13,0.143,0.111,0.159,0.127,0.148,0.14,0.118,0.126,0.144,0.124,0.135,0.136,0.129,0.151,0.144,0.154,0.143,0.162,0.158,0.123,0.177,0.117,0.154,0.122,0.121,0.115,0.147,0.12,0.16,0.102,0.176,0.105,0.161,0.096,0.155,0.119,0.158,0.097,0.157,0.107,0.129,0.141,0.171,0.139,0.126,0.115,0.107,0.102,0.112,0.128,0.135,0.099,0.159,0.095,0.102,0.106,0.108,0.105,0.146,0.102,0.162,0.115,0.124,0.111,0.124,0.143,0.114,0.149,0.122,0.136,0.141,0.132,0.109,0.118,0.102,0.129,0.117,0.135,0.105,0.104,0.093,0.104,0.103,0.116,0.095,0.134,0.114,0.123,0.103,0.135,0.133,0.133,0.13,0.149,0.117,0.117,0.116,0.105,0.113,0.134,0.141,0.104,0.131,0.112,0.115,0.116,0.111,0.084,0.107,0.107,0.119,0.132,0.117,0.129,0.113,0.132,0.12,0.139,0.11,0.118,0.101,0.144,0.121,0.129,0.13,0.119,0.103,0.111,0.117,0.107,0.118,0.105,0.122,0.086,0.102,0.086,0.124,0.084,0.112,0.096
00:20:12,37,0.174,0.159,0.171,0.15,0.165,0.162,0.169,0.139,0.13,0.152,0.144,0.152,0.155,0.178,0.143,0.13,0.163,0.143,0.147,0.143,0.156,0.158,0.151,0.159,0.167,0.184,0.144,0.204,0.15,0.18,0.143,0.19,0.323,0.139,0.083,0.162,0.13,0.083,0.106,0.088,0.095,0.089,0.125,0.15,0.161,0.159,0.149,0.159,0.148,0.155,0.147,0.144,0.139,0.135,0.139,0.155,0.147,0.14,0.102,0.145,0.11,0.127,0.083,0.136,0.095,0.126,0.157,0.13,0.147,0.141,0.151,0.138,0.139,0.162,0.157,0.131,0.131,0.163,0.131,0.157,0.145,0.133,0.123,0.137,0.116,0.144,0.112,0.148,0.137,0.164,0.134,0.131,0.134,0.137,0.145,0.169,0.169,0.146,0.146,0.157,0.141,0.128,0.146,0.141,0.116,0.137,0.127,0.125,0.126,0.129,0.131,0.086,0.155,0.136,0.131,0.129,0.14,0.129,0.122,0.175,0.15,0.173,0.135,0.16,0.148,0.159,0.147,0.149,0.148,0.15,0.137,0.161,0.15,0.145,0.154,0.141,0.141,0.137,0.12,0.131,0.141,0.163,0.146,0.171,0.148,0.149,0.163,0.148,0.156,0.125,0.143,0.156,0.161,0.154,0.148,0.128,0.158,0.116,0.154,0.145,0.184,0.127,0.148,0.149,0.136,0.145,0.134,0.149,0.152,0.158,0.139,0.141,0.131,0.118,0.132,0.144,0.151,0.128,0.121,0.119,0.116,0.123,0.13,0.145,0.138,0.127,0.121,0.136,0.135,0.126,0.132,0.143,0.151,0.141,0.159,0.124,0.153,0.141,0.135,0.142,0.15,0.123,0.103,0.129,0.123,0.13,0.137,0.138,0.139,0.132,0.14,0.146,0.141,0.132,0.16,0.144,0.175,0.148,0.168,0.185,0.146,0.161,0.147,0.125,0.17,0.129,0.14,0.136,0.148,0.141,0.123,0.13,0.151,0.141,0.183,0.159,0.147,0.15,0.222,0.144,0.141,0.158,0.155,0.137,0.165,0.117,0.141,0.131,0.152,0.14,0.129,0.14,0.139,0.14,0.125,0.131,0.118,0.137,0.133,0.151,0.149,0.164,0.166,0.12,0.166,0.126,0.161,0.132,0.119,0.12,0.154,0.134,0.155,0.105,0.179,0.11,0.147,0.107,0.145,0.121,0.171,0.099,0.156,0.123,0.138,0.131,0.17,0.144,0.127,0.129,0.108,0.098,0.11,0.136,0.129,0.103,0.157,0.095,0.102,0.11,0.116,0.107,0.145,0.101,0.156,0.116,0.118,0.115,0.114,0.143,0.111,0.142,0.143,0.144,0.141,0.14,0.118,0.116,0.102,0.132,0.12,0.139,0.11,0.105,0.093,0.104,0.103,0.115,0.101,0.13,0.125,0.145,0.109,0.137,0.133,0.146,0.144,0.15,0.114,0.124,0.128,0.109,0.113,0.123,0.145,0.106,0.138,0.12,0.118,0.116,0.113,0.085,0.107,0.109,0.121,0.141,0.127,0.122,0.116,0.145,0.128,0.131,0.13,0.132,0.103,0.147,0.125,0.139,0.128,0.132,0.107,0.118,0.124,0.119,0.128,0.102,0.142,0.086,0.105,0.086,0.149,0.084,0.142,0.096
00:30:12,37.1,0.191,0.17,0.188,0.159,0.177,0.168,0.174,0.148,0.14,0.165,0.155,0.158,0.166,0.191,0.151,0.137,0.172,0.148,0.155,0.154,0.169,0.17,0.164,0.172,0.18,0.197,0.156,0.221,0.158,0.195,0.146,0.192,0.332,0.151,0.083,0.163,0.137,0.083,0.108,0.089,0.095,0.089,0.132,0.162,0.168,0.176,0.159,0.169,0.158,0.169,0.159,0.153,0.14,0.146,0.148,0.164,0.155,0.146,0.105,0.151,0.115,0.137,0.083,0.142,0.095,0.136,0.171,0.145,0.165,0.155,0.157,0.147,0.146,0.179,0.166,0.143,0.135,0.164,0.141,0.165,0.149,0.137,0.128,0.147,0.119,0.148,0.119,0.151,0.142,0.167,0.138,0.139,0.143,0.161,0.159,0.173,0.181,0.153,0.153,0.175,0.149,0.134,0.144,0.145,0.12,0.151,0.141,0.134,0.133,0.139,0.145,0.086,0.18,0.143,0.151,0.139,0.146,0.135,0.131,0.18,0.159,0.191,0.143,0.171,0.161,0.166,0.146,0.156,0.154,0.155,0.145,0.162,0.154,0.144,0.168,0.153,0.148,0.147,0.127,0.139,0.148,0.17,0.152,0.17,0.155,0.156,0.172,0.151,0.168,0.138,0.155,0.157,0.167,0.16,0.152,0.13,0.171,0.121,0.151,0.153,0.193,0.145,0.155,0.151,0.152,0.147,0.143,0.152,0.159,0.16,0.151,0.147,0.138,0.132,0.13,0.144,0.155,0.134,0.128,0.119,0.119,0.128,0.136,0.151,0.146,0.129,0.12,0.135,0.14,0.133,0.135,0.152,0.162,0.149,0.177,0.13,0.147,0.145,0.145,0.142,0.157,0.127,0.103,0.136,0.134,0.132,0.142,0.144,0.149,0.131,0.141,0.144,0.149,0.141,0.17,0.153,0.182,0.157,0.175,0.181,0.156,0.17,0.15,0.139,0.173,0.131,0.145,0.141,0.15,0.146,0.119,0.134,0.146,0.147,0.191,0.175,0.151,0.155,0.236,0.149,0.146,0.164,0.147,0.145,0.174,0.114,0.15,0.134,0.146,0.145,0.134,0.13,0.14,0.15,0.13,0.132,0.14,0.138,0.142,0.155,0.172,0.184,0.177,0.124,0.169,0.132,0.162,0.137,0.124,0.119,0.152,0.132,0.16,0.118,0.177,0.109,0.162,0.107,0.139,0.119,0.168,0.1,0.158,0.131,0.141,0.134,0.168,0.143,0.137,0.139,0.103,0.097,0.112,0.15,0.134,0.105,0.168,0.093,0.1,0.114,0.117,0.102,0.141,0.105,0.162,0.117,0.119,0.127,0.122,0.151,0.111,0.146,0.153,0.155,0.145,0.139,0.123,0.126,0.103,0.13,0.124,0.142,0.115,0.107,0.095,0.105,0.106,0.116,0.1,0.136,0.128,0.157,0.115,0.155,0.139,0.159,0.154,0.154,0.122,0.148,0.141,0.111,0.115,0.131,0.153,0.107,0.143,0.122,0.119,0.124,0.115,0.085,0.11,0.116,0.134,0.141,0.142,0.124,0.132,0.166,0.151,0.142,0.164,0.148,0.133,0.157,0.128,0.15,0.135,0.146,0.116,0.12,0.149,0.125,0.144,0.105,0.165,0.086,0.115,0.086,0.177,0.084,0.159,0.098
00:40:12,37,0.208,0.181,0.21,0.172,0.195,0.184,0.183,0.156,0.152,0.169,0.172,0.166,0.175,0.203,0.165,0.146,0.184,0.154,0.167,0.169,0.185,0.187,0.179,0.183,0.192,0.215,0.171,0.23,0.176,0.211,0.157,0.216,0.342,0.17,0.085,0.176,0.146,0.083,0.109,0.088,0.094,0.089,0.142,0.177,0.18,0.199,0.173,0.185,0.174,0.184,0.167,0.165,0.154,0.157,0.157,0.183,0.164,0.157,0.11,0.167,0.117,0.148,0.083,0.146,0.095,0.145,0.18,0.163,0.188,0.166,0.168,0.156,0.149,0.2,0.176,0.148,0.146,0.175,0.15,0.179,0.155,0.145,0.135,0.156,0.123,0.165,0.121,0.174,0.148,0.168,0.143,0.142,0.154,0.172,0.174,0.181,0.198,0.162,0.163,0.19,0.163,0.143,0.15,0.145,0.126,0.162,0.143,0.145,0.147,0.145,0.156,0.086,0.175,0.148,0.168,0.143,0.146,0.139,0.146,0.189,0.17,0.21,0.153,0.174,0.177,0.185,0.156,0.162,0.17,0.17,0.151,0.181,0.171,0.146,0.183,0.158,0.165,0.158,0.131,0.14,0.159,0.185,0.16,0.179,0.169,0.158,0.189,0.165,0.18,0.142,0.169,0.175,0.184,0.169,0.165,0.138,0.181,0.128,0.154,0.163,0.205,0.152,0.167,0.163,0.163,0.157,0.16,0.157,0.17,0.17,0.167,0.152,0.149,0.139,0.144,0.154,0.163,0.14,0.14,0.131,0.124,0.14,0.142,0.157,0.152,0.136,0.123,0.142,0.148,0.143,0.146,0.149,0.176,0.159,0.192,0.139,0.157,0.156,0.141,0.149,0.168,0.132,0.105,0.144,0.145,0.14,0.151,0.15,0.148,0.134,0.157,0.152,0.162,0.146,0.183,0.16,0.199,0.173,0.184,0.196,0.165,0.182,0.157,0.139,0.184,0.141,0.154,0.154,0.158,0.149,0.122,0.136,0.151,0.152,0.199,0.177,0.181,0.172,0.246,0.159,0.159,0.174,0.155,0.153,0.184,0.108,0.154,0.138,0.157,0.152,0.15,0.143,0.142,0.158,0.136,0.136,0.148,0.161,0.147,0.151,0.182,0.195,0.191,0.129,0.176,0.148,0.162,0.149,0.128,0.127,0.164,0.128,0.171,0.126,0.198,0.11,0.17,0.109,0.154,0.124,0.175,0.101,0.17,0.136,0.148,0.139,0.174,0.147,0.141,0.144,0.107,0.099,0.115,0.158,0.139,0.107,0.179,0.093,0.102,0.122,0.119,0.102,0.145,0.105,0.171,0.123,0.117,0.13,0.124,0.16,0.11,0.154,0.153,0.163,0.159,0.148,0.118,0.134,0.106,0.143,0.126,0.153,0.119,0.107,0.094,0.107,0.11,0.118,0.101,0.142,0.14,0.165,0.118,0.158,0.136,0.163,0.162,0.159,0.136,0.174,0.155,0.115,0.117,0.146,0.162,0.106,0.146,0.128,0.121,0.131,0.118,0.085,0.109,0.12,0.147,0.153,0.154,0.131,0.149,0.184,0.171,0.16,0.189,0.156,0.157,0.172,0.136,0.168,0.145,0.156,0.118,0.125,0.169,0.131,0.16,0.113,0.168,0.086,0.129,0.086,0.176,0.084,0.173,0.098
00:50:12,37.1,0.221,0.192,0.223,0.188,0.211,0.195,0.196,0.171,0.164,0.177,0.189,0.173,0.183,0.21,0.171,0.152,0.205,0.159,0.173,0.183,0.201,0.202,0.191,0.194,0.202,0.226,0.19,0.243,0.193,0.232,0.177,0.231,0.355,0.185,0.085,0.192,0.155,0.083,0.111,0.088,0.094,0.089,0.154,0.201,0.181,0.21,0.183,0.195,0.188,0.2,0.181,0.181,0.17,0.17,0.172,0.197,0.176,0.167,0.117,0.185,0.121,0.158,0.083,0.151,0.095,0.165,0.194,0.172,0.2,0.178,0.187,0.174,0.153,0.214,0.193,0.161,0.16,0.191,0.164,0.195,0.167,0.161,0.141,0.171,0.13,0.177,0.122,0.178,0.16,0.19,0.146,0.151,0.167,0.185,0.188,0.194,0.215,0.174,0.173,0.203,0.177,0.153,0.163,0.156,0.131,0.168,0.154,0.15,0.153,0.166,0.174,0.086,0.183,0.163,0.187,0.152,0.16,0.146,0.163,0.198,0.183,0.224,0.167,0.191,0.189,0.191,0.167,0.173,0.183,0.172,0.169,0.194,0.186,0.172,0.194,0.17,0.187,0.168,0.133,0.142,0.175,0.197,0.17,0.187,0.178,0.169,0.2,0.179,0.189,0.158,0.18,0.185,0.197,0.18,0.177,0.15,0.185,0.134,0.154,0.173,0.221,0.163,0.178,0.175,0.177,0.17,0.175,0.168,0.181,0.183,0.182,0.167,0.166,0.145,0.154,0.158,0.174,0.148,0.147,0.139,0.134,0.148,0.147,0.165,0.161,0.15,0.131,0.151,0.157,0.147,0.156,0.155,0.187,0.172,0.207,0.151,0.176,0.175,0.156,0.159,0.181,0.138,0.107,0.156,0.155,0.147,0.158,0.163,0.157,0.142,0.161,0.167,0.172,0.167,0.192,0.168,0.213,0.186,0.199,0.209,0.174,0.203,0.168,0.136,0.197,0.153,0.163,0.167,0.167,0.159,0.131,0.145,0.167,0.165,0.21,0.205,0.2,0.182,0.253,0.171,0.174,0.189,0.166,0.166,0.191,0.109,0.164,0.144,0.171,0.159,0.163,0.158,0.147,0.169,0.143,0.144,0.156,0.167,0.181,0.173,0.194,0.208,0.203,0.14,0.186,0.153,0.167,0.156,0.132,0.134,0.185,0.141,0.183,0.13,0.201,0.116,0.18,0.109,0.158,0.12,0.196,0.102,0.183,0.145,0.161,0.145,0.185,0.156,0.139,0.153,0.104,0.102,0.118,0.165,0.156,0.107,0.186,0.094,0.105,0.131,0.119,0.102,0.15,0.106,0.183,0.128,0.119,0.142,0.131,0.171,0.11,0.163,0.16,0.167,0.169,0.156,0.12,0.147,0.11,0.15,0.129,0.162,0.123,0.108,0.094,0.11,0.112,0.12,0.102,0.15,0.149,0.179,0.12,0.16,0.137,0.172,0.168,0.164,0.149,0.19,0.16,0.118,0.125,0.165,0.17,0.107,0.152,0.13,0.123,0.136,0.119,0.085,0.111,0.123,0.162,0.161,0.157,0.135,0.169,0.193,0.184,0.171,0.198,0.163,0.168,0.183,0.141,0.177,0.149,0.169,0.123,0.13,0.182,0.136,0.183,0.12,0.179,0.086,0.144,0.086,0.185,0.085,0.191,0.1
01:00:12,37,0.23,0.201,0.228,0.199,0.22,0.208,0.204,0.179,0.175,0.185,0.2,0.182,0.19,0.212,0.182,0.16,0.218,0.174,0.18,0.192,0.211,0.211,0.201,0.194,0.208,0.238,0.2,0.259,0.214,0.243,0.201,0.242,0.362,0.195,0.085,0.209,0.164,0.083,0.113,0.088,0.094,0.089,0.166,0.217,0.188,0.217,0.194,0.206,0.193,0.21,0.193,0.188,0.19,0.179,0.178,0.209,0.186,0.175,0.12,0.192,0.123,0.165,0.083,0.16,0.095,0.177,0.199,0.175,0.212,0.191,0.2,0.186,0.159,0.231,0.204,0.177,0.172,0.2,0.172,0.205,0.173,0.164,0.145,0.185,0.135,0.194,0.128,0.191,0.168,0.201,0.157,0.163,0.18,0.182,0.199,0.197,0.226,0.188,0.18,0.208,0.191,0.166,0.176,0.17,0.136,0.188,0.158,0.153,0.172,0.178,0.181,0.086,0.194,0.17,0.192,0.165,0.172,0.154,0.172,0.208,0.192,0.244,0.183,0.193,0.194,0.201,0.177,0.194,0.189,0.189,0.171,0.198,0.199,0.17,0.205,0.183,0.195,0.182,0.137,0.146,0.184,0.213,0.179,0.198,0.185,0.179,0.211,0.196,0.207,0.161,0.194,0.199,0.2,0.191,0.186,0.162,0.2,0.136,0.154,0.176,0.239,0.175,0.188,0.187,0.187,0.179,0.184,0.179,0.19,0.19,0.195,0.177,0.186,0.152,0.16,0.167,0.181,0.16,0.153,0.145,0.141,0.157,0.153,0.175,0.17,0.158,0.139,0.161,0.17,0.155,0.17,0.176,0.196,0.181,0.219,0.161,0.186,0.186,0.165,0.17,0.203,0.15,0.107,0.167,0.168,0.157,0.169,0.167,0.17,0.147,0.172,0.173,0.18,0.188,0.195,0.188,0.224,0.191,0.201,0.218,0.186,0.218,0.177,0.144,0.212,0.163,0.174,0.169,0.178,0.161,0.138,0.153,0.185,0.181,0.23,0.203,0.215,0.183,0.284,0.182,0.186,0.194,0.168,0.177,0.193,0.11,0.174,0.15,0.182,0.169,0.169,0.168,0.154,0.173,0.15,0.148,0.172,0.173,0.186,0.188,0.183,0.207,0.202,0.161,0.194,0.159,0.178,0.161,0.138,0.145,0.203,0.15,0.193,0.133,0.212,0.114,0.186,0.11,0.174,0.13,0.206,0.101,0.193,0.154,0.171,0.151,0.202,0.17,0.142,0.16,0.105,0.105,0.12,0.159,0.16,0.11,0.177,0.095,0.105,0.136,0.12,0.1,0.158,0.11,0.195,0.14,0.12,0.159,0.141,0.181,0.113,0.172,0.169,0.174,0.174,0.167,0.123,0.161,0.11,0.167,0.131,0.184,0.121,0.109,0.094,0.116,0.114,0.121,0.103,0.16,0.161,0.197,0.124,0.165,0.145,0.18,0.173,0.172,0.162,0.197,0.17,0.122,0.149,0.18,0.172,0.108,0.156,0.133,0.126,0.146,0.12,0.085,0.114,0.127,0.178,0.173,0.167,0.141,0.178,0.2,0.188,0.18,0.206,0.169,0.171,0.192,0.142,0.186,0.156,0.176,0.125,0.139,0.196,0.14,0.197,0.132,0.197,0.086,0.152,0.086,0.194,0.089,0.186,0.102
01:10:12,37,0.244,0.22,0.241,0.205,0.229,0.226,0.215,0.182,0.181,0.194,0.202,0.188,0.196,0.226,0.188,0.169,0.222,0.184,0.187,0.203,0.221,0.221,0.211,0.209,0.219,0.249,0.204,0.284,0.224,0.251,0.208,0.272,0.373,0.205,0.085,0.234,0.174,0.083,0.114,0.088,0.094,0.089,0.174,0.228,0.201,0.234,0.203,0.221,0.2,0.224,0.201,0.205,0.208,0.186,0.175,0.216,0.196,0.185,0.124,0.197,0.128,0.177,0.083,0.17,0.095,0.175,0.217,0.184,0.228,0.201,0.214,0.193,0.167,0.242,0.213,0.184,0.182,0.211,0.179,0.218,0.186,0.179,0.155,0.187,0.141,0.198,0.137,0.202,0.182,0.21,0.165,0.177,0.188,0.194,0.21,0.203,0.236,0.193,0.181,0.212,0.198,0.176,0.194,0.193,0.147,0.199,0.17,0.155,0.177,0.183,0.187,0.086,0.2,0.175,0.197,0.173,0.191,0.162,0.183,0.222,0.199,0.256,0.19,0.2,0.2,0.199,0.185,0.2,0.204,0.187,0.18,0.214,0.209,0.178,0.218,0.196,0.201,0.195,0.143,0.15,0.2,0.23,0.196,0.212,0.191,0.185,0.224,0.204,0.214,0.171,0.201,0.212,0.217,0.207,0.204,0.172,0.208,0.142,0.156,0.199,0.261,0.185,0.199,0.198,0.19,0.193,0.195,0.2,0.196,0.197,0.198,0.183,0.193,0.163,0.179,0.173,0.196,0.168,0.158,0.152,0.151,0.168,0.161,0.19,0.183,0.171,0.148,0.164,0.182,0.162,0.188,0.189,0.203,0.191,0.241,0.172,0.2,0.187,0.17,0.179,0.22,0.158,0.106,0.177,0.179,0.169,0.185,0.184,0.183,0.157,0.184,0.181,0.18,0.193,0.207,0.208,0.242,0.198,0.206,0.237,0.197,0.233,0.189,0.147,0.215,0.175,0.182,0.178,0.187,0.177,0.142,0.163,0.201,0.186,0.239,0.214,0.222,0.207,0.32,0.193,0.207,0.2,0.178,0.193,0.203,0.117,0.17,0.153,0.205,0.177,0.177,0.176,0.162,0.181,0.156,0.155,0.177,0.177,0.186,0.208,0.19,0.229,0.219,0.176,0.204,0.172,0.188,0.172,0.143,0.16,0.202,0.152,0.217,0.141,0.227,0.115,0.199,0.113,0.191,0.133,0.225,0.103,0.202,0.16,0.183,0.168,0.211,0.177,0.147,0.167,0.111,0.11,0.125,0.165,0.171,0.113,0.19,0.097,0.106,0.144,0.122,0.101,0.165,0.113,0.204,0.148,0.123,0.168,0.156,0.186,0.117,0.18,0.177,0.18,0.18,0.172,0.129,0.155,0.111,0.179,0.135,0.189,0.127,0.11,0.094,0.119,0.118,0.126,0.104,0.164,0.17,0.195,0.133,0.172,0.154,0.185,0.179,0.178,0.177,0.211,0.176,0.13,0.175,0.2,0.182,0.115,0.166,0.142,0.134,0.16,0.125,0.086,0.119,0.136,0.188,0.189,0.173,0.146,0.182,0.215,0.195,0.185,0.206,0.176,0.184,0.196,0.149,0.191,0.159,0.179,0.127,0.155,0.204,0.144,0.2,0.137,0.201,0.087,0.171,0.089,0.21,0.09,0.187,0.105
01:20:12,37,0.265,0.228,0.251,0.216,0.245,0.236,0.227,0.193,0.183,0.211,0.205,0.193,0.201,0.249,0.196,0.172,0.234,0.189,0.196,0.214,0.234,0.238,0.226,0.225,0.235,0.264,0.211,0.3,0.244,0.278,0.216,0.294,0.379,0.216,0.086,0.244,0.183,0.083,0.116,0.088,0.094,0.089,0.181,0.239,0.215,0.251,0.21,0.236,0.212,0.241,0.215,0.221,0.229,0.201,0.199,0.232,0.205,0.193,0.129,0.206,0.132,0.188,0.085,0.179,0.097,0.177,0.232,0.194,0.236,0.221,0.224,0.188,0.176,0.261,0.226,0.195,0.186,0.224,0.189,0.232,0.19,0.183,0.161,0.196,0.146,0.207,0.145,0.21,0.187,0.222,0.175,0.192,0.199,0.211,0.225,0.215,0.253,0.206,0.186,0.222,0.207,0.18,0.201,0.207,0.16,0.221,0.181,0.169,0.19,0.199,0.193,0.088,0.211,0.18,0.202,0.177,0.194,0.17,0.19,0.231,0.21,0.263,0.2,0.209,0.199,0.207,0.201,0.22,0.21,0.209,0.206,0.236,0.229,0.193,0.236,0.221,0.215,0.204,0.147,0.159,0.21,0.246,0.208,0.224,0.2,0.19,0.24,0.216,0.233,0.185,0.225,0.241,0.243,0.237,0.238,0.194,0.24,0.151,0.158,0.222,0.289,0.193,0.213,0.203,0.197,0.211,0.204,0.217,0.21,0.201,0.214,0.184,0.207,0.172,0.19,0.179,0.209,0.177,0.175,0.158,0.159,0.178,0.174,0.204,0.2,0.184,0.158,0.173,0.195,0.172,0.201,0.198,0.214,0.202,0.26,0.183,0.215,0.206,0.177,0.193,0.227,0.167,0.109,0.19,0.194,0.193,0.208,0.193,0.207,0.168,0.201,0.199,0.194,0.202,0.217,0.221,0.249,0.206,0.225,0.24,0.205,0.243,0.207,0.154,0.199,0.188,0.198,0.19,0.206,0.178,0.147,0.167,0.209,0.208,0.26,0.22,0.233,0.219,0.337,0.201,0.233,0.206,0.184,0.198,0.212,0.124,0.181,0.157,0.221,0.191,0.2,0.191,0.172,0.195,0.167,0.16,0.191,0.201,0.203,0.214,0.205,0.248,0.241,0.189,0.218,0.181,0.198,0.178,0.149,0.168,0.218,0.165,0.221,0.149,0.244,0.119,0.214,0.116,0.191,0.136,0.248,0.105,0.211,0.171,0.199,0.181,0.228,0.179,0.148,0.177,0.114,0.113,0.131,0.175,0.185,0.119,0.211,0.102,0.109,0.152,0.129,0.109,0.175,0.119,0.234,0.155,0.13,0.178,0.165,0.203,0.122,0.185,0.181,0.186,0.182,0.18,0.137,0.166,0.113,0.18,0.138,0.205,0.126,0.111,0.094,0.12,0.122,0.132,0.106,0.175,0.18,0.212,0.136,0.173,0.159,0.195,0.188,0.188,0.184,0.22,0.187,0.136,0.18,0.202,0.191,0.119,0.174,0.149,0.138,0.173,0.132,0.088,0.122,0.143,0.202,0.201,0.184,0.156,0.175,0.225,0.203,0.191,0.224,0.185,0.194,0.207,0.156,0.199,0.164,0.188,0.128,0.163,0.205,0.149,0.215,0.143,0.213,0.089,0.173,0.091,0.219,0.091,0.195,0.105
01:30:12,37,0.274,0.238,0.261,0.224,0.26,0.254,0.244,0.202,0.193,0.223,0.221,0.199,0.211,0.271,0.2,0.176,0.241,0.195,0.202,0.224,0.245,0.252,0.239,0.235,0.252,0.286,0.215,0.314,0.272,0.306,0.227,0.329,0.386,0.228,0.086,0.256,0.19,0.083,0.117,0.088,0.094,0.09,0.187,0.247,0.227,0.268,0.213,0.245,0.214,0.26,0.222,0.239,0.249,0.221,0.213,0.249,0.216,0.204,0.138,0.217,0.136,0.195,0.087,0.185,0.097,0.186,0.247,0.207,0.248,0.238,0.239,0.209,0.181,0.279,0.238,0.203,0.193,0.236,0.198,0.248,0.2,0.189,0.168,0.208,0.155,0.222,0.151,0.229,0.192,0.238,0.183,0.2,0.212,0.227,0.239,0.233,0.272,0.219,0.189,0.24,0.218,0.197,0.217,0.216,0.171,0.231,0.191,0.185,0.208,0.215,0.209,0.091,0.229,0.194,0.212,0.178,0.205,0.177,0.194,0.248,0.221,0.276,0.196,0.221,0.209,0.225,0.208,0.235,0.228,0.231,0.217,0.266,0.238,0.22,0.267,0.258,0.224,0.215,0.154,0.167,0.218,0.255,0.218,0.237,0.219,0.2,0.263,0.231,0.25,0.202,0.242,0.236,0.26,0.24,0.255,0.21,0.286,0.163,0.16,0.229,0.321,0.195,0.229,0.218,0.199,0.224,0.212,0.236,0.222,0.213,0.219,0.197,0.222,0.18,0.198,0.196,0.227,0.201,0.175,0.165,0.157,0.187,0.183,0.218,0.219,0.19,0.168,0.179,0.21,0.181,0.209,0.203,0.227,0.209,0.283,0.192,0.222,0.218,0.188,0.197,0.251,0.175,0.115,0.212,0.206,0.188,0.219,0.2,0.202,0.174,0.213,0.215,0.203,0.215,0.23,0.229,0.265,0.206,0.236,0.254,0.22,0.266,0.219,0.164,0.253,0.21,0.215,0.211,0.22,0.203,0.158,0.17,0.216,0.225,0.313,0.236,0.245,0.238,0.345,0.21,0.24,0.215,0.194,0.212,0.224,0.13,0.196,0.187,0.234,0.205,0.216,0.216,0.189,0.214,0.177,0.173,0.197,0.223,0.215,0.241,0.223,0.247,0.262,0.199,0.227,0.199,0.208,0.191,0.154,0.178,0.232,0.181,0.224,0.154,0.259,0.122,0.224,0.118,0.197,0.143,0.246,0.11,0.235,0.179,0.217,0.187,0.246,0.178,0.155,0.186,0.116,0.116,0.136,0.182,0.196,0.124,0.217,0.104,0.112,0.161,0.137,0.114,0.186,0.122,0.256,0.163,0.134,0.172,0.177,0.216,0.129,0.195,0.179,0.193,0.188,0.185,0.146,0.172,0.116,0.186,0.144,0.223,0.131,0.114,0.094,0.127,0.125,0.138,0.109,0.182,0.189,0.225,0.138,0.183,0.168,0.207,0.197,0.198,0.197,0.227,0.191,0.143,0.184,0.218,0.198,0.121,0.18,0.158,0.145,0.178,0.134,0.09,0.129,0.156,0.214,0.225,0.177,0.166,0.186,0.238,0.214,0.201,0.234,0.195,0.197,0.216,0.164,0.211,0.172,0.202,0.134,0.17,0.217,0.158,0.229,0.157,0.221,0.09,0.181,0.092,0.241,0.091,0.201,0.106
01:40:12,37,0.283,0.246,0.268,0.237,0.277,0.269,0.257,0.213,0.203,0.247,0.235,0.207,0.224,0.301,0.213,0.182,0.257,0.205,0.21,0.237,0.257,0.264,0.252,0.258,0.264,0.303,0.228,0.345,0.286,0.334,0.235,0.352,0.395,0.242,0.086,0.276,0.194,0.084,0.12,0.088,0.095,0.091,0.195,0.265,0.237,0.285,0.218,0.253,0.218,0.28,0.23,0.258,0.259,0.247,0.23,0.269,0.227,0.217,0.144,0.235,0.142,0.206,0.089,0.195,0.099,0.195,0.264,0.219,0.259,0.253,0.246,0.215,0.192,0.309,0.241,0.213,0.205,0.247,0.209,0.263,0.219,0.204,0.172,0.219,0.162,0.241,0.156,0.236,0.199,0.252,0.19,0.206,0.223,0.239,0.249,0.247,0.287,0.229,0.203,0.245,0.226,0.213,0.233,0.235,0.179,0.242,0.2,0.194,0.217,0.224,0.228,0.093,0.25,0.208,0.224,0.184,0.215,0.187,0.204,0.268,0.238,0.287,0.205,0.231,0.222,0.231,0.239,0.239,0.259,0.249,0.214,0.285,0.259,0.202,0.284,0.265,0.238,0.233,0.162,0.173,0.226,0.272,0.229,0.25,0.229,0.211,0.28,0.254,0.264,0.206,0.248,0.245,0.273,0.243,0.269,0.22,0.3,0.171,0.166,0.238,0.354,0.203,0.25,0.231,0.213,0.237,0.218,0.246,0.234,0.226,0.23,0.21,0.214,0.19,0.204,0.208,0.25,0.215,0.184,0.178,0.171,0.208,0.19,0.227,0.242,0.206,0.179,0.192,0.23,0.191,0.216,0.214,0.244,0.227,0.306,0.199,0.252,0.241,0.207,0.202,0.263,0.186,0.118,0.227,0.213,0.193,0.226,0.215,0.213,0.184,0.233,0.205,0.215,0.224,0.243,0.241,0.276,0.226,0.266,0.262,0.224,0.27,0.244,0.185,0.273,0.211,0.218,0.203,0.222,0.216,0.161,0.182,0.248,0.236,0.34,0.247,0.261,0.246,0.351,0.214,0.26,0.226,0.202,0.228,0.237,0.135,0.204,0.188,0.287,0.216,0.212,0.206,0.193,0.221,0.19,0.177,0.207,0.237,0.232,0.257,0.236,0.269,0.271,0.207,0.238,0.195,0.213,0.188,0.163,0.179,0.239,0.184,0.233,0.164,0.278,0.128,0.239,0.121,0.212,0.148,0.251,0.115,0.239,0.188,0.222,0.193,0.257,0.189,0.159,0.194,0.117,0.118,0.141,0.198,0.21,0.127,0.235,0.106,0.114,0.169,0.141,0.119,0.196,0.126,0.278,0.173,0.142,0.178,0.186,0.226,0.134,0.203,0.19,0.202,0.197,0.196,0.15,0.188,0.119,0.191,0.151,0.236,0.136,0.119,0.095,0.129,0.131,0.147,0.114,0.198,0.201,0.239,0.145,0.192,0.176,0.216,0.205,0.205,0.206,0.242,0.197,0.149,0.198,0.229,0.205,0.123,0.186,0.165,0.152,0.185,0.141,0.094,0.135,0.167,0.23,0.244,0.186,0.174,0.192,0.25,0.225,0.21,0.248,0.201,0.211,0.224,0.168,0.222,0.18,0.213,0.142,0.176,0.232,0.168,0.247,0.166,0.228,0.091,0.186,0.093,0.243,0.092,0.212,0.108
01:50:12,37,0.291,0.265,0.28,0.253,0.294,0.29,0.27,0.227,0.212,0.267,0.25,0.217,0.236,0.322,0.228,0.189,0.272,0.217,0.214,0.245,0.274,0.279,0.268,0.277,0.277,0.311,0.235,0.366,0.314,0.359,0.244,0.371,0.409,0.249,0.087,0.289,0.202,0.084,0.123,0.088,0.096,0.091,0.205,0.283,0.247,0.305,0.229,0.273,0.225,0.301,0.242,0.288,0.266,0.246,0.24,0.285,0.235,0.231,0.152,0.252,0.148,0.218,0.091,0.206,0.101,0.2,0.28,0.228,0.282,0.269,0.261,0.229,0.198,0.33,0.251,0.228,0.212,0.273,0.221,0.284,0.231,0.221,0.181,0.24,0.167,0.258,0.165,0.262,0.208,0.271,0.198,0.214,0.236,0.256,0.261,0.264,0.305,0.239,0.213,0.258,0.24,0.219,0.254,0.245,0.186,0.27,0.212,0.204,0.228,0.239,0.245,0.095,0.284,0.22,0.241,0.195,0.223,0.194,0.209,0.284,0.256,0.305,0.221,0.246,0.234,0.242,0.251,0.252,0.271,0.272,0.265,0.285,0.292,0.227,0.297,0.285,0.258,0.243,0.169,0.178,0.237,0.291,0.238,0.267,0.25,0.221,0.298,0.265,0.279,0.22,0.271,0.258,0.274,0.248,0.278,0.248,0.282,0.181,0.169,0.249,0.375,0.205,0.276,0.243,0.229,0.251,0.234,0.266,0.243,0.236,0.232,0.219,0.231,0.196,0.225,0.235,0.269,0.217,0.192,0.182,0.187,0.214,0.203,0.243,0.235,0.206,0.195,0.196,0.252,0.2,0.23,0.218,0.266,0.239,0.329,0.206,0.259,0.254,0.213,0.219,0.269,0.19,0.121,0.236,0.21,0.211,0.247,0.241,0.222,0.199,0.238,0.242,0.229,0.239,0.256,0.251,0.298,0.231,0.255,0.264,0.225,0.291,0.256,0.186,0.28,0.195,0.245,0.215,0.234,0.237,0.168,0.206,0.265,0.24,0.311,0.265,0.277,0.246,0.375,0.221,0.256,0.234,0.206,0.239,0.251,0.138,0.221,0.194,0.264,0.24,0.222,0.241,0.193,0.231,0.196,0.189,0.231,0.241,0.238,0.281,0.25,0.283,0.283,0.213,0.258,0.203,0.225,0.206,0.168,0.194,0.257,0.197,0.245,0.162,0.335,0.137,0.252,0.124,0.237,0.155,0.284,0.119,0.239,0.194,0.23,0.199,0.263,0.207,0.167,0.201,0.119,0.12,0.149,0.209,0.213,0.129,0.243,0.107,0.116,0.181,0.145,0.126,0.204,0.132,0.292,0.175,0.152,0.199,0.195,0.238,0.139,0.214,0.195,0.212,0.204,0.205,0.154,0.202,0.124,0.203,0.157,0.249,0.142,0.125,0.098,0.134,0.136,0.155,0.118,0.212,0.212,0.251,0.151,0.199,0.179,0.226,0.205,0.21,0.209,0.253,0.205,0.156,0.206,0.246,0.207,0.125,0.195,0.172,0.159,0.191,0.148,0.095,0.141,0.178,0.238,0.256,0.198,0.179,0.204,0.262,0.235,0.215,0.246,0.21,0.232,0.236,0.17,0.233,0.188,0.219,0.149,0.18,0.246,0.176,0.265,0.176,0.238,0.091,0.194,0.093,0.249,0.092,0.228,0.11
02:00:12,37,0.304,0.27,0.296,0.265,0.309,0.301,0.285,0.242,0.222,0.281,0.267,0.231,0.251,0.334,0.236,0.198,0.286,0.227,0.222,0.262,0.288,0.293,0.284,0.296,0.295,0.337,0.254,0.382,0.3,0.378,0.26,0.401,0.419,0.268,0.086,0.319,0.209,0.085,0.127,0.088,0.096,0.092,0.214,0.294,0.257,0.323,0.239,0.287,0.242,0.299,0.251,0.306,0.289,0.252,0.246,0.295,0.245,0.249,0.16,0.268,0.157,0.233,0.091,0.219,0.102,0.213,0.305,0.239,0.288,0.28,0.272,0.249,0.203,0.339,0.262,0.241,0.221,0.293,0.234,0.295,0.238,0.228,0.188,0.253,0.172,0.278,0.169,0.28,0.22,0.289,0.208,0.224,0.25,0.274,0.276,0.272,0.328,0.244,0.221,0.282,0.254,0.229,0.275,0.257,0.195,0.287,0.225,0.219,0.247,0.245,0.253,0.095,0.298,0.235,0.248,0.205,0.228,0.199,0.214,0.304,0.26,0.33,0.227,0.257,0.246,0.256,0.257,0.271,0.275,0.284,0.271,0.293,0.275,0.236,0.319,0.332,0.27,0.254,0.174,0.186,0.249,0.311,0.251,0.279,0.262,0.229,0.323,0.272,0.294,0.235,0.307,0.293,0.291,0.281,0.278,0.257,0.304,0.19,0.172,0.268,0.386,0.225,0.294,0.26,0.237,0.264,0.242,0.278,0.255,0.254,0.226,0.236,0.257,0.202,0.236,0.268,0.301,0.23,0.209,0.188,0.194,0.217,0.182,0.275,0.257,0.214,0.186,0.195,0.276,0.204,0.24,0.224,0.283,0.246,0.333,0.212,0.274,0.278,0.228,0.222,0.304,0.21,0.122,0.27,0.245,0.223,0.252,0.263,0.245,0.208,0.249,0.272,0.245,0.249,0.275,0.26,0.328,0.228,0.297,0.287,0.285,0.319,0.26,0.196,0.287,0.245,0.248,0.231,0.239,0.263,0.172,0.214,0.282,0.26,0.355,0.295,0.3,0.273,0.414,0.229,0.278,0.243,0.219,0.252,0.266,0.142,0.224,0.201,0.271,0.256,0.254,0.259,0.203,0.238,0.207,0.211,0.234,0.246,0.248,0.285,0.265,0.313,0.295,0.219,0.282,0.21,0.244,0.21,0.172,0.212,0.261,0.195,0.273,0.189,0.381,0.146,0.263,0.129,0.26,0.165,0.31,0.123,0.276,0.221,0.243,0.203,0.277,0.224,0.171,0.208,0.122,0.122,0.156,0.213,0.274,0.132,0.241,0.11,0.12,0.197,0.151,0.133,0.216,0.139,0.312,0.199,0.163,0.207,0.202,0.254,0.143,0.218,0.197,0.214,0.213,0.213,0.161,0.21,0.13,0.214,0.165,0.266,0.153,0.131,0.1,0.141,0.143,0.164,0.123,0.218,0.225,0.259,0.159,0.209,0.184,0.245,0.212,0.217,0.228,0.265,0.214,0.163,0.216,0.256,0.214,0.127,0.203,0.18,0.168,0.197,0.156,0.096,0.144,0.183,0.25,0.267,0.216,0.189,0.216,0.272,0.232,0.216,0.256,0.218,0.23,0.247,0.176,0.243,0.194,0.226,0.156,0.185,0.257,0.183,0.279,0.179,0.249,0.092,0.202,0.093,0.265,0.091,0.239,0.113
